<annotation>
	<folder>image</folder>
	<filename>IMG_6035.jpg</filename>
	<path>E:\[Bangkit!]\Capstone\Tensorflow\workspace\image\IMG_6035.jpg</path>
	<source>
		<database>Unknown</database>
	</source>
	<size>
		<width>500</width>
		<height>889</height>
		<depth>3</depth>
	</size>
	<segmented>0</segmented>
	<object>
		<name>leaf_tip</name>
		<pose>Unspecified</pose>
		<truncated>0</truncated>
		<difficult>0</difficult>
		<bndbox>
			<xmin>204</xmin>
			<ymin>229</ymin>
			<xmax>335</xmax>
			<ymax>512</ymax>
		</bndbox>
	</object>
	<object>
		<name>leaf_tip</name>
		<pose>Unspecified</pose>
		<truncated>0</truncated>
		<difficult>0</difficult>
		<bndbox>
			<xmin>152</xmin>
			<ymin>681</ymin>
			<xmax>206</xmax>
			<ymax>740</ymax>
		</bndbox>
	</object>
</annotation>
