<annotation>
	<folder>image</folder>
	<filename>IMG_6041.jpg</filename>
	<path>E:\[Bangkit!]\Capstone\Tensorflow\workspace\image\IMG_6041.jpg</path>
	<source>
		<database>Unknown</database>
	</source>
	<size>
		<width>500</width>
		<height>889</height>
		<depth>3</depth>
	</size>
	<segmented>0</segmented>
	<object>
		<name>leaf_tip</name>
		<pose>Unspecified</pose>
		<truncated>0</truncated>
		<difficult>0</difficult>
		<bndbox>
			<xmin>210</xmin>
			<ymin>351</ymin>
			<xmax>299</xmax>
			<ymax>547</ymax>
		</bndbox>
	</object>
	<object>
		<name>leaf_tip</name>
		<pose>Unspecified</pose>
		<truncated>0</truncated>
		<difficult>0</difficult>
		<bndbox>
			<xmin>50</xmin>
			<ymin>157</ymin>
			<xmax>98</xmax>
			<ymax>213</ymax>
		</bndbox>
	</object>
</annotation>
