<annotation>
	<folder>image</folder>
	<filename>IMG_6034.jpg</filename>
	<path>E:\[Bangkit!]\Capstone\Tensorflow\workspace\image\IMG_6034.jpg</path>
	<source>
		<database>Unknown</database>
	</source>
	<size>
		<width>500</width>
		<height>889</height>
		<depth>3</depth>
	</size>
	<segmented>0</segmented>
	<object>
		<name>leaf_tip</name>
		<pose>Unspecified</pose>
		<truncated>0</truncated>
		<difficult>0</difficult>
		<bndbox>
			<xmin>129</xmin>
			<ymin>350</ymin>
			<xmax>273</xmax>
			<ymax>621</ymax>
		</bndbox>
	</object>
</annotation>
