<annotation>
	<folder>leaf_tip</folder>
	<filename>IMG_5990.jpg</filename>
	<path>D:\[Bangkit!]\Capstone\TFODCourse\Tensorflow\workspace\images\collectedimages\leaf_tip\IMG_5990.jpg</path>
	<source>
		<database>Unknown</database>
	</source>
	<size>
		<width>500</width>
		<height>889</height>
		<depth>3</depth>
	</size>
	<segmented>0</segmented>
	<object>
		<name>leaf_tip</name>
		<pose>Unspecified</pose>
		<truncated>0</truncated>
		<difficult>0</difficult>
		<bndbox>
			<xmin>110</xmin>
			<ymin>354</ymin>
			<xmax>262</xmax>
			<ymax>573</ymax>
		</bndbox>
	</object>
</annotation>
