<annotation>
	<folder>leaf_tip</folder>
	<filename>IMG_6031.jpg</filename>
	<path>D:\[Bangkit!]\Capstone\TFODCourse\Tensorflow\workspace\images\collectedimages\leaf_tip\IMG_6031.jpg</path>
	<source>
		<database>Unknown</database>
	</source>
	<size>
		<width>500</width>
		<height>889</height>
		<depth>3</depth>
	</size>
	<segmented>0</segmented>
	<object>
		<name>leaf_tip</name>
		<pose>Unspecified</pose>
		<truncated>0</truncated>
		<difficult>0</difficult>
		<bndbox>
			<xmin>141</xmin>
			<ymin>319</ymin>
			<xmax>348</xmax>
			<ymax>579</ymax>
		</bndbox>
	</object>
	<object>
		<name>leaf_tip</name>
		<pose>Unspecified</pose>
		<truncated>0</truncated>
		<difficult>0</difficult>
		<bndbox>
			<xmin>29</xmin>
			<ymin>467</ymin>
			<xmax>126</xmax>
			<ymax>638</ymax>
		</bndbox>
	</object>
	<object>
		<name>leaf_tip</name>
		<pose>Unspecified</pose>
		<truncated>0</truncated>
		<difficult>0</difficult>
		<bndbox>
			<xmin>321</xmin>
			<ymin>761</ymin>
			<xmax>387</xmax>
			<ymax>854</ymax>
		</bndbox>
	</object>
</annotation>
