<annotation>
	<folder>image</folder>
	<filename>IMG_6083.jpg</filename>
	<path>E:\[Bangkit!]\Capstone\Tensorflow\workspace\image\IMG_6083.jpg</path>
	<source>
		<database>Unknown</database>
	</source>
	<size>
		<width>500</width>
		<height>889</height>
		<depth>3</depth>
	</size>
	<segmented>0</segmented>
	<object>
		<name>leaf_tip</name>
		<pose>Unspecified</pose>
		<truncated>0</truncated>
		<difficult>0</difficult>
		<bndbox>
			<xmin>211</xmin>
			<ymin>342</ymin>
			<xmax>310</xmax>
			<ymax>527</ymax>
		</bndbox>
	</object>
	<object>
		<name>leaf_tip</name>
		<pose>Unspecified</pose>
		<truncated>0</truncated>
		<difficult>0</difficult>
		<bndbox>
			<xmin>101</xmin>
			<ymin>115</ymin>
			<xmax>155</xmax>
			<ymax>196</ymax>
		</bndbox>
	</object>
	<object>
		<name>leaf_tip</name>
		<pose>Unspecified</pose>
		<truncated>0</truncated>
		<difficult>0</difficult>
		<bndbox>
			<xmin>261</xmin>
			<ymin>173</ymin>
			<xmax>313</xmax>
			<ymax>286</ymax>
		</bndbox>
	</object>
</annotation>
