<annotation>
	<folder>image</folder>
	<filename>IMG_6073.jpg</filename>
	<path>E:\[Bangkit!]\Capstone\Tensorflow\workspace\image\IMG_6073.jpg</path>
	<source>
		<database>Unknown</database>
	</source>
	<size>
		<width>500</width>
		<height>889</height>
		<depth>3</depth>
	</size>
	<segmented>0</segmented>
	<object>
		<name>leaf_tip</name>
		<pose>Unspecified</pose>
		<truncated>0</truncated>
		<difficult>0</difficult>
		<bndbox>
			<xmin>210</xmin>
			<ymin>324</ymin>
			<xmax>325</xmax>
			<ymax>566</ymax>
		</bndbox>
	</object>
	<object>
		<name>leaf_tip</name>
		<pose>Unspecified</pose>
		<truncated>0</truncated>
		<difficult>0</difficult>
		<bndbox>
			<xmin>406</xmin>
			<ymin>750</ymin>
			<xmax>497</xmax>
			<ymax>814</ymax>
		</bndbox>
	</object>
</annotation>
