<annotation>
	<folder>image</folder>
	<filename>IMG_6058.jpg</filename>
	<path>E:\[Bangkit!]\Capstone\Tensorflow\workspace\image\IMG_6058.jpg</path>
	<source>
		<database>Unknown</database>
	</source>
	<size>
		<width>500</width>
		<height>889</height>
		<depth>3</depth>
	</size>
	<segmented>0</segmented>
	<object>
		<name>leaf_tip</name>
		<pose>Unspecified</pose>
		<truncated>0</truncated>
		<difficult>0</difficult>
		<bndbox>
			<xmin>216</xmin>
			<ymin>252</ymin>
			<xmax>367</xmax>
			<ymax>514</ymax>
		</bndbox>
	</object>
	<object>
		<name>leaf_tip</name>
		<pose>Unspecified</pose>
		<truncated>1</truncated>
		<difficult>0</difficult>
		<bndbox>
			<xmin>10</xmin>
			<ymin>834</ymin>
			<xmax>94</xmax>
			<ymax>889</ymax>
		</bndbox>
	</object>
</annotation>
